<?xml version="1.0" encoding="utf-8"?>
<odoo noupdate="1">

        <record id="payment_acquirer_banesco" model="payment.acquirer">
            <field name="name">Banesco</field>
            <field name="provider">banesco</field>
            <field name="inline_form_view_id" ref="inline_form"/>
            <field name="company_id" ref="base.main_company"/>
            <field name="state">test</field>
        </record>

    <record id="payment_method_banesco" model="account.payment.method">
        <field name="name">Banesco</field>
        <field name="code">banesco</field>
        <field name="payment_type">inbound</field>
    </record>

</odoo>
