<?xml version="1.0" encoding="utf-8"?>
<odoo>
    <data noupdate="1">

        <record id="payment_acquirer_cybersource" model="payment.acquirer">
            <field name="name">CyberSource</field>
            <field name="image_128" type="base64" file="aspl_payment_cybersource_ee/static/src/img/logo.jpg"/>
            <field name="provider">cybersource</field>
            <field name="company_id" ref="base.main_company"/>
            <field name="inline_form_view_id" ref="aspl_payment_cybersource_ee.inline_form"/>
        </record>
        <record id="payment_method_cyberSource" model="account.payment.method">
            <field name="name">CyberSource</field>
            <field name="code">cybersource</field>
            <field name="payment_type">inbound</field>
        </record>

    </data>
</odoo>
